{
    "accuracy": 0.998001998001998,
    "precision": 0.998003992015968,
    "recall": 0.998003992015968,
    "f1": 0.998003992015968
}