{
    "accuracy": 0.998001998001998,
    "precision": 0.9960159362549801,
    "recall": 1.0,
    "f1": 0.998003992015968
}