{
    "accuracy": 0.994005994005994,
    "precision": 0.9979838709677419,
    "recall": 0.99,
    "f1": 0.9939759036144579
}