{
    "accuracy": 0.988011988011988,
    "precision": 0.9860834990059643,
    "recall": 0.9900199600798403,
    "f1": 0.9880478087649402
}